{"#hillaryshuma":0.00924173887621105,"#stoptpp":0.011783623118965055,"#jillstein":0.02247090638881896,"#itsinourhands":0.0038412499898487053,"#trumpisaplant":0.0015917230401910067,"#koch":0.0019734117284000746,"#ukraine":0.009615306528500775,"#putin":0.01582789900679731,"#alec":0.0008608298074502383,"#greennewdeal":0.004214817642138431,"#energy":0.03280086407822182,"#dncleak":0.24402088730438454,"#trumppence16":0.2651193386228347,"#unstable":0,"#hillno":0.010882188131918108,"#jillnothill":0.04118177314698263,"#demexit":0.09701389509245799,"#crookedmedia":0.0014455443936428531,"#climate":0.1318287760786766,"#drought":0.025581263145926895,"#globalwarming":0.02873222508263154,"#nsa":0.03268716957535103,"#occupy":0.05771620227876268,"#occupywallst":0.03476615477070255,"#occupywallstreet":0.01762264794497186,"#banksters":0.013334740979559353,"#banks":0.03973622875333978,"#brexit":0.24873108813760283,"#jpmorgan":0.006634886346102309,"#fintech":0.07002769273248495,"#jamiedimon":0.0012912447111753575,"#wallstreet":0.032873953401495896,"#middleclass":0.013164199225253173,"#climatechange":0.07926131057277666,"#education":0.1112500710590643,"#blm":0.07289441841201263,"#foreclosure":0.012246522166367542,"#mrrobot":0.05307909076881847,"#assange":0.029804201823984668,"#hillary4prison":0.03733240212121458,"#privacyshield":0.013212925440769225,"#cyberattacks":0.015040158522621146,"#surveillance":0.02430626050659022,"#snowden":0.02543508449937874,"#socialgood":0.017655132088649227,"#blacklivesmatter":0.24143839788203383,"#crookedhillary":0.26071773715455143,"#poverty":0.03144465107969172,"#americafirst":0.10212202668572404,"#ttip":0.02881343544182496,"#trade":0.03480675995029926,"#walmart":0.02821247878379366,"#globalization":0.015819777970877965,"#msm":0.054077978186897524,"#freetrade":0.008600177038583042,"#sustainable":0.03178573458830408,"#fairtrade":0.02609288840884543,"#RiggedSystem":0.03630915159537751,"#pension":0.020806094025353872,"#socialism":0.02874034611855088,"#nevertrump":0.24354174618514338,"#neverhillary":0.34873352444837863,"#WWE":0.1626318653207403,"#uniteblue":0.09419589562844637,"#RAW":0.094804973322397,"#smackdown":0.035172206566669646,"#policestate":0.03081121027798306,"#bigbrother":0.03389720392733297,"#racism":0.03926520867001795,"#police":0.09249047808538458,"#wrestling":0.08555511341026661,"#poor":0.025272663780991904,"#sonsofliberty":0.0017460227226585023,"#inawe":0.004385359396444611,"#BernItDown":0.01591723040191007,"#unions":0.018247967710761186,"#fear":0.03807141638987469,"#foundingfathers":0.006513070807312181,"#republicanparty":0.0171841120053274,"#freemarket":0.007146511609020847,"#ronaldreagan":0.018434751536906047,"#LoveWins":0.03470930751926716,"#candidate":0.01527566856428206,"#Sanders2016":0.017135385789811348,"#WhichHillary":0.01880019815327643,"#impeachobama":0.023315494124430514,"#prosperity":0.021423292755223856,"#equalpay":0.028447988825454577,"#secondamendment":0.015990319725184145,"#gunrights":0.025045274775250332,"#medicare":0.03162331386991725,"#rights":0.026336519486425687,"#Drumpf":0.03245165953369012,"#socialsecurity":0.02533763206834664,"#progressive":0.03527778003362109,"#infrastructure":0.032744016826786425,"#capitalism":0.028780951298147592,"#whitehouse":0.03293892168885063,"#patriot":0.036390361954570925,"#conservatives":0.03405962464571981,"#constitution":0.041417283188643544,"#independent":0.03849371025768047,"#proudamerican":0.022625206071286454,"#stophillary":0.03232172295898065,"#senate":0.030055953937484267,"#libertarian":0.038794188586696116,"#2016Election":0.0324679016055288,"#political":0.03773033288126233,"#liberals":0.031176656894353443,"#NotMeUs":0.036552782672957765,"#bernie2016":0.03518032760258898,"#country":0.04846634236663229,"#republicans":0.05083768485508011,"#president":0.05108943696857971,"#Sanders":0.05510934974865394,"#liberty":0.04395916743139755,"#teaparty":0.0636932847153983,"#guncontrol":0.04298464312107653,"#donate":0.04918911456345371,"#congress":0.0448037551670091,"#economy":0.05998197130025906,"#democrats":0.07571241787602427,"#power":0.0826234194433842,"#Hillary2016":0.09535720376491225,"#independence":0.04925408285080845,"#StillSanders":0.060079423731291166,"#conservative":0.07491655635592877,"#support":0.06993024030145285,"#Election2016":0.09746867310394114,"#BernieSanders":0.08004905105695283,"#nra":0.097655456930086,"#DonaldTrump":0.14485491769330094,"#politics":0.10511868893996118,"#republican":0.11759260011207029,"#freedom":0.08752040410274735,"#democrat":0.13500410112313926,"#makeamericagreatagain":0.17569861211496138,"#bernieorbust":0.10655611229768469,"#god":0.13981175438738966,"#gun":0.16151116236387114,"#obama":0.1906331971706311,"#FeelTheBern":0.15961896099466447,"#ImWithHer":0.3000479141119241,"#HillaryClinton":0.2526210643429676,"#gop":0.22271128905203147,"#america":0.2536443148688047,"#usa":0.828800441784354,"#bernie":0.30374298545522466,"#hillary":0.8276959808993235,"#Trump2016":0.40858555917392825,"#jobs":1}
